新文件名,表情文案,原文件名,宽,高
666.png,666,666.png,1921,1957
DNA动了.png,DNA动了,DNA动了.png,1980,1879
WOW.png,WOW,D4D88FFE-D9CB-4F8C-B39B-6020B42C5B68.png,1749,1680
emo.png,emo,emo.png,1503,1729
yyds.png,yyds,yyds.png,1837,1793
一个人.png,一个人,0ADDFC68-5546-4436-8B62-0F352FA6B42A.PNG,1623,1855
下线了.png,下线了,下线了.png,1885,1906
不客气.png,不客气,不客气.png,1893,1850
不容易.png,不容易,不容易.png,1975,2006
不想动.png,不想动,B3C44E37-5307-4A9F-988C-C9CB8DD913F3.png,1839,1748
不慌.png,不慌,不慌.png,1850,1877
不服.png,不服,不服.png,1924,1957
不知道.png,不知道,28A9FDC8-55FD-4EC3-976D-67F932FB2AD9.PNG,1665,1931
不知道_2.png,不知道,E5147E71-172C-4A59-AA5E-69106CEDFF6F.png,1665,1931
不约.png,不约,不约.png,1985,1921
不许走.png,不许走,6ABE388E-A669-4406-9564-70A222A3348A.png,1749,1749
主不在乎_2.png,主不在乎,662d913da34e590cc2546ab1d1487a9a(1).png,1196,1269
举牌.png,举牌,举牌.png,1944,1980
交给我.png,交给我,交给我.png,1920,1995
亲亲.png,亲亲,83F89BC7-07F1-4AE9-A71A-799D89E8CA1E.png,1688,1756
佛系.png,佛系,佛系.png,1801,1988
你真厉害.png,你真厉害,71B15C0D-98EF-483F-97FC-59A1FF150122.PNG,1544,1724
你说啥.png,你说啥,你说啥.png,1861,1918
你过来.png,你过来,你过来.png,1965,1979
偷笑.png,偷笑,5F842ED6-D80F-41F7-8ED8-8866D45ACA89.PNG,1542,1752
傲娇.png,傲娇,傲娇.png,1810,1947
充电中.png,充电中,充电中.png,1888,2014
冒泡.png,冒泡,冒泡.png,1843,1769
冲呀.png,冲呀,E17955AB-A612-422A-868C-D7E4E3CED8CD.PNG,1782,1818
冷漠.png,冷漠,902EA5C2-DC0F-4A7F-BA2F-647F58DB044D.png,1739,1740
减肥.png,减肥,减肥.png,1974,1932
凡尔赛.png,凡尔赛,凡尔赛.png,1962,1986
别催.png,别催,8504B7B0-D248-4408-A6DE-A3D8782D4821.PNG,1843,1928
别卷了.png,别卷了,别卷了.png,1941,1943
别吵.png,别吵,BF52AD95-DFE0-481E-AB5B-9E0A29501656.PNG,1550,1748
别搞.png,别搞,7431DAB7-8CD3-4148-92BB-E8469EF8090D.PNG,1670,1750
别烦我.png,别烦我,9AF63D8F-90E0-4306-BE0A-A9FD5508056A.PNG,1805,1737
别离开.png,别离开,D743CB4D-015F-4CD6-BA44-E986C929CED1.PNG,1564,1793
别说了.png,别说了,别说了.png,1906,1937
别闹.png,别闹,别闹.png,1969,1962
加油.png,加油,12B94783-6D00-40AA-B7D9-8640E0F49E75.PNG,1851,1921
加油_2.png,加油,FE5A82A7-0666-4E7A-AF2D-60FCAA8CDAD5.png,1751,1745
加班.png,加班,加班.png,1983,1862
加鸡腿.png,加鸡腿,加鸡腿.png,1990,1910
勿扰.png,勿扰,95FCE055-B551-4DFB-9AB7-70AC8D43E2BC.PNG,1551,1844
包在我身上.png,包在我身上,包在我身上.png,1889,1907
卷王.png,卷王,卷王.png,2048,1982
发呆.png,发呆,A8D28736-F0A1-45A5-8685-459B8EB8CE4C.PNG,1665,1901
发呆中.png,发呆中,9181CD11-1306-458B-A96E-8B93E27C8EFA.PNG,1747,1755
变身.png,变身,变身.png,1911,1909
只准想我.png,只准想我,25675FF3-3ADB-4445-98F5-4C4BBB200ED5.PNG,1608,1747
可以的.png,可以的,可以的.png,1912,1996
吃东西.png,吃东西,吃东西.png,1931,1975
吃瓜.png,吃瓜,DEB9522A-469E-41A4-BF24-8D37A8F26C59.png,1726,1920
听我说.png,听我说,听我说.png,1927,1976
告辞.png,告辞,告辞.png,1836,1964
哈哈哈.png,哈哈哈,7D1B5DFF-3548-460B-A4C0-2BE617A2EEA1.PNG,1817,1752
哦.png,哦,0FD32CA7-0976-46EA-BD13-212D582DBBAB.PNG,1534,1762
哦_2.png,哦,F138B794-243A-4B67-B714-FEF46F937252.png,1748,1908
哭泣.png,哭泣,哭泣.png,1936,1928
啊.png,啊？,3870789F-4CDC-4D36-B31C-02F07B9AD4F7.PNG,1652,1841
喜欢.png,喜欢,315D943F-4239-4161-877D-E95D3AAF6D16.PNG,1641,1777
嗨.png,嗨,FA0A3A53-E02C-43B2-BF88-C549BD47DA1A.PNG,1528,1761
嗯.png,嗯,B27775CD-7600-49FF-B557-3AC39D194FA2.png,1666,1745
嘿嘿.png,嘿嘿,1AB39102-2EBE-480B-93F3-EA81415E0136.png,1665,1737
嘿嘿_2.png,嘿嘿,314F0E9B-D042-485E-B687-391A9922BF5B.PNG,1665,1737
困了.png,困了,E2082020-F791-43AB-A8CF-9F79E6A6D601.png,1748,1889
在吗.png,在吗,04A9DE24-8E62-4B3E-A872-7AE7A5B297E4.PNG,1748,1753
在干嘛.png,在干嘛,48A21EA6-AE46-455A-B883-DFD5212B539C.png,1590,2048
在线.png,在线,在线.png,1878,1952
坐等.png,坐等,坐等.png,1873,1937
大无语.png,大无语,大无语.png,1884,1905
大笑.png,大笑,大笑.png,1931,1960
太棒了.png,太棒了,DABE89F3-6AB7-4CDD-AB10-AE053787D45A.PNG,1749,1934
太难了.png,太难了,太难了.png,1933,1947
头秃.png,头秃,头秃.png,1925,1964
好不好.png,好不好,B8B225CA-32CD-474B-9F67-60CC2125AA71.PNG,1822,1922
好兄弟.png,好兄弟,好兄弟.png,1934,1995
好嘞.png,好嘞,好嘞.png,1903,1908
好家伙.png,好家伙,好家伙.png,1908,1927
好巧.png,好巧,好巧.png,1882,1941
好气哦.png,好气哦,好气哦.png,1824,1980
好的.png,好的,3AE0CDA3-31EA-4325-8D75-0D72D797DEA8.png,1823,1885
好耶.png,好耶,7201F9EC-A88E-4571-BE7D-9D5D83921CDD.PNG,1567,1742
委屈.png,委屈,3850538C-F67E-49D5-A983-07C703D9D732.png,1749,1919
委屈_2.png,委屈,9F863617-1480-49A3-B2B0-84AD28B66647.PNG,1843,1926
委屈_3.png,委屈,D01208F1-047D-48D4-9F2A-CD166D2EEFF7.PNG,1582,1849
委屈巴巴.png,委屈巴巴,975204C0-A04F-430B-A6AD-2084E542A0E9.png,1665,1731
嫌弃.png,嫌弃,F56616D4-EF31-4B41-BE03-2EF240527C7D.png,1668,1748
安排.png,安排,安排.png,1955,1951
害羞.png,害羞,害羞.png,1941,1917
对不起.png,对不起,44825A1F-2415-4C99-BE37-46FB10EB2A11.PNG,1610,1851
对不起_2.png,对不起,8966188C-DA0B-4E34-8C17-20A9E967B8C5.PNG,1665,1752
对的对的.png,对的对的,6C0F2EE0-2001-422B-87B1-CB1437C3A9F4.png,1904,1753
对的对的_2.png,对的对的,B68A5960-7132-47F5-B8B2-410581373115.PNG,1904,1753
对的对的_3.png,对的对的,CD56EF7E-BCFD-40C3-952F-53C8A95496A1.PNG,1904,1753
尊嘟假嘟.png,尊嘟假嘟,尊嘟假嘟.png,1827,1921
小事一桩.png,小事一桩,小事一桩.png,1931,1935
就这.png,就这,46E3501B-5025-4DE0-941E-766F0C111C47.PNG,1511,1749
尴尬.png,尴尬,尴尬.png,1939,1921
崩溃.png,崩溃,崩溃.png,1806,1993
已读乱回.png,已读乱回,BDD0E8D1-34BD-442E-89A8-542EBE3160FB.PNG,1847,1921
已读乱回_2.png,已读乱回,D69A6F31-D4DB-4C9D-8360-D2246201780A.png,1847,1921
带带我.png,带带我,带带我.png,1879,1948
干得漂亮.png,干得漂亮,干得漂亮.png,1964,1996
干杯.png,干杯,干杯.png,1940,1927
庆祝.png,庆祝,庆祝.png,1972,1896
开心.png,开心,2C370EB0-9961-42BE-8ACB-C0F59C0A6F1B.PNG,1545,1743
开心_2.png,开心,F2A71B0A-6355-48B7-83BB-01A258D3DADF.PNG,1546,1736
开摆.png,开摆,3EA7B278-1885-44D1-BE63-7BC7E1AD0B94.PNG,1754,1814
得意.png,得意,得意.png,1960,1966
心累.png,心累,2E65CA08-116C-490A-A47F-F877E871BC86.png,1589,1795
怎么这样.png,怎么这样,怎么这样.png,1872,1887
思考.png,思考,思考.png,1922,1981
恰饭.png,恰饭,恰饭.png,1933,1972
惊了.png,惊了,32D1DB02-4BE1-450C-BCD3-ACBB2F6C558E.PNG,1749,1752
惊讶.png,惊讶,惊讶.png,1878,1987
想你.png,想你,497F08E1-2DF5-416D-AA23-B3324E099B6A.PNG,1749,1743
想哭.png,想哭,11A7F4AC-EB7E-4FE3-9413-065555B6E4ED.PNG,1538,1750
想开了.png,想开了,想开了.png,1962,1949
想抱抱.png,想抱抱,C884E2E6-58AF-4C2C-BC4A-54CBCA40B477.png,1699,1742
愤怒.png,愤怒,愤怒.png,1949,1964
慢点.png,慢点,慢点.png,2023,1899
戏精.png,戏精,戏精.png,1837,1886
我不信.png,我不信,我不信.png,1894,2014
我可以.png,我可以,我可以.png,1958,1972
我来了.png,我来了,36BD1A39-A611-4448-ADBB-4AAE73B34946.PNG,1566,1892
我来了_2.png,我来了,4A040679-3A03-480B-97E4-19CF64154E0F.PNG,1529,1761
我的我的.png,我的我的,我的我的.png,1818,1899
我裂开了.png,我裂开了,4E7A8BF2-ECE2-48C0-B893-10C9C6775DA1.png,1640,1785
我走了.png,我走了,85BD4D07-6F1D-422F-AE2E-5DA3FCBEF207.PNG,1471,1833
我酸了.png,我酸了,我酸了.png,1884,1889
我错了.png,我错了,BBD13650-97CB-45D7-B0FB-92DECE7BDB50.PNG,1665,1743
打call.png,打call,打call.png,1947,1947
打卡.png,打卡,打卡.png,1996,2027
打滚.png,打滚,打滚.png,1832,1896
抓包.png,抓包,567B17D9-2948-4051-B278-2CB25BD1E7D9.PNG,1641,1746
抱抱我.png,抱抱我,335399E1-A932-4B99-BBE2-A1788F96EB09.PNG,1557,1771
拒绝.png,拒绝,拒绝.png,1859,1922
挺好.png,挺好,6CCEE082-5617-4282-8463-3BA55E4E6262.PNG,1546,1740
换个话题.png,换个话题,换个话题.png,1855,1978
搞快点.png,搞快点,搞快点.png,1952,1948
摆烂.png,摆烂,摆烂.png,1829,1883
摸头.png,摸头,摸头.png,1832,1969
摸鱼.png,摸鱼,摸鱼.png,1984,1991
撒花.png,撒花,撒花.png,1921,1939
收到.png,收到,B57C8335-4B7F-41EF-94B1-28E6899FADF4.png,1665,1748
收到_2.png,收到,C62686D3-EAAB-4FF8-A234-3E7EDBCC6666.png,1677,1750
收到_3.png,收到,D2179B19-F7FD-4BC2-9F0D-17E187DBF059.PNG,1534,1841
放马过来.png,放马过来,放马过来.png,2012,1959
救命.png,救命,48F78D70-458E-459E-BC78-EACADC146030.png,1844,1932
敢凶我.png,敢凶我,F865BAFE-1E24-493A-82B1-92A5CDC4891D.png,1803,1919
无语.png,无语,5E4937D1-28EB-4733-AAB1-E3BEE1A7CE36.PNG,1670,1740
无语住了.png,无语住了,23F6B793-0AC0-4DDF-82A5-F892F8B3BA8F.png,1810,1901
早安.png,早安,早安.png,1948,1919
晚安.png,晚安,7C9725FE-1ACB-4F64-BC35-06E98889FFB2.png,1749,1725
晚安_2.png,晚安,C7BAD289-5B64-421B-B5A2-06F943432D17.PNG,1629,1666
晚安_3.png,晚安,F80CCB91-D9E6-4CB4-B481-52058D694CCD.png,1733,1753
暗中观察.png,暗中观察,暗中观察.png,1594,1712
有被笑到.png,有被笑到,有被笑到.png,1912,1930
期待.png,期待,期待.png,1961,1980
柠檬精.png,柠檬精,柠檬精.png,1957,1946
栓Q.png,栓Q,栓Q.png,1887,1997
比心.png,比心,7F37C568-1FFB-498B-8E5F-D79877D85060.png,1747,1700
求带.png,求带,求带.png,1970,1945
求放过.png,求放过,求放过.png,1988,1962
求求了.png,求求了,98C928BC-8558-4D11-BD40-45AAA4C4D744.png,1748,1737
沉默.png,沉默,463D070F-B20F-4FE6-B33E-362224B8E7ED.PNG,1607,1825
没毛病.png,没毛病,没毛病.png,1907,1958
没问题.png,没问题,没问题.png,1989,1989
润了.png,润了,润了.png,1892,1904
淡定.png,淡定,淡定.png,1863,1967
温暖.png,温暖,74FBAD9B-CCC4-48F1-8CF8-6A59C72AE44B.png,1665,1750
溜了.png,溜了,7C0A901C-6015-4461-900C-BD7D4BCF8094.PNG,1792,1933
潜水.png,潜水,潜水.png,1882,1882
炸毛.png,炸毛,炸毛.png,2031,1915
点赞.png,点赞,点赞.png,1950,1981
然后呢.png,然后呢,097FF511-EA32-4742-903B-C256DD65FB94.PNG,1654,1773
然后呢_2.png,然后呢,BA4D47CB-F4A6-4BA9-9E18-D26948874D4E.PNG,1617,1762
爱了爱了.png,爱了爱了,爱了爱了.png,1969,1977
牛逼.png,牛逼,牛逼.png,1915,1965
瑞思拜.png,瑞思拜,瑞思拜.png,1864,1972
留下来.png,留下来,留下来.png,1957,1920
略略略.png,略略略,略略略.png,1879,1918
疑惑.png,疑惑,172D9A8A-2D92-48C0-9FB0-3514F391632D.PNG,1702,1845
疯狂.png,疯狂,疯狂.png,2024,1946
看不懂.png,看不懂,0EF83BF7-B060-41C6-A59E-D8F05B232C33.png,1681,1728
看不懂_2.png,看不懂,7C0B3C3A-9F8D-4FAB-869E-5FAC9F1E4191.PNG,1681,1728
看不懂_3.png,看不懂,801CB906-4833-49C5-80EC-49C7F64979B9.PNG,1681,1728
看开点.png,看开点,看开点.png,1958,1942
看戏.png,看戏,4963AE1D-33E8-4562-AB36-8AD3DCE5B51C.PNG,1583,1789
看我的.png,看我的,看我的.png,1921,1908
看报纸.png,看报纸,57B7A8D4-48AB-4D13-B71A-CF42637461D1.png,1837,1926
真的.png,真的,真的.png,1970,1963
真的假的.png,真的假的,E0ECF9B6-12D1-44CD-B2D9-40AAA680DF6D.png,1821,1754
真香.png,真香,真香.png,1941,2000
睡着.png,睡着,睡着.png,1924,1893
知道了.png,知道了,知道了.png,1897,1866
码字.png,码字,码字.png,1979,1942
破防.png,破防,174D0CB1-C461-4B06-BF75-9F0A2DE75083.PNG,1625,1738
磕到了.png,磕到了,970543CF-829A-4C61-90D3-7E43BD1A6CBD.png,1824,1893
社恐.png,社恐,社恐.png,1711,1785
社牛.png,社牛,社牛.png,1779,2032
祈祷.png,祈祷,祈祷.png,1915,2002
稳住.png,稳住,稳住.png,1970,1972
笑死.png,笑死,002C86DC-0BD8-48E4-89DA-B0A5B82B525C.png,1787,1927
笑死_2.png,笑死,4C82CDA6-70E3-40C4-B62F-8AA55293008E.PNG,1538,1746
等等我.png,等等我,等等我.png,1987,1847
算你狠.png,算你狠,算你狠.png,1999,1983
累了.png,累了,B1CE9499-9D74-40D4-91AF-A429F6D4E331.png,1611,1838
给你.png,给你,1FFB504C-2C24-41CA-B1F1-6667024E6C96.png,1749,1746
绝绝子.png,绝绝子,绝绝子.png,1980,2002
美滋滋.png,美滋滋,美滋滋.png,1945,1957
耶.png,耶,耶.png,2013,1990
胡说.png,胡说,胡说.png,1905,1927
膜拜.png,膜拜,膜拜.png,1885,1911
自拍.png,自拍,36143DB0-325F-4696-AF8B-5A68874F0090.png,1763,1750
记仇.png,记仇,记仇.png,1940,1920
记住了.png,记住了,81286609-3994-4158-9438-543365BE06C6.PNG,1616,1749
说正经的.png,说正经的,说正经的.png,1906,1964
请收下.png,请收下,请收下.png,1927,1960
谁懂啊.png,谁懂啊,谁懂啊.png,1893,1985
谢谢.png,谢谢,E270D906-727F-4FCC-BA83-B12D71CD1AE5.PNG,1666,1813
贴贴.png,贴贴,贴贴.png,1871,1892
赢了.png,赢了,0A578ABC-B097-499C-ACB9-DD093D009313.PNG,1764,1754
赢了_2.png,赢了,481C30B0-1B8B-4B0C-A12C-C045872C2EE5.PNG,1546,1751
赢了_3.png,赢了,E77908D5-B73C-451C-8B27-467D26B2CCD3.PNG,1764,1754
走你.png,走你,走你.png,1969,1913
起哄.png,起哄,768AE2A1-9771-4550-97D0-D7A2334825DA.PNG,1524,1837
跑路.png,跑路,跑路.png,1961,1921
跪了.png,跪了,F7D2F2D5-7A21-480A-B39F-6AE09AF6022C.PNG,1587,1854
跳舞.png,跳舞,跳舞.png,1608,1988
躺平.png,躺平,躺平.png,1893,1987
躺赢.png,躺赢,躺赢.png,1961,1963
转圈.png,转圈,转圈.png,1766,1882
辛苦了.png,辛苦了,辛苦了.png,1924,1958
达咩.png,达咩,达咩.png,1950,1975
这合理吗.png,这合理吗,这合理吗.png,1960,1942
迷路了.png,迷路了,迷路了.png,1715,1874
退退退.png,退退退,退退退.png,1988,1908
送礼.png,送礼,送礼.png,1945,1945
闪人.png,闪人,闪人.png,1952,1850
陪我嘛.png,陪我嘛,BC06946F-611B-4EF0-AEE0-952B8F7A6541.png,1843,1927
隐身.png,隐身,AB26F740-6F7F-4F6F-8F46-A47D0A6E1D21.PNG,1665,1752
难过.png,难过,4DAB7824-78E7-4F08-9A5B-600F8F755E4A.PNG,1607,1836
震惊.png,震惊,震惊.png,1879,1916
骗你的.png,骗你的,骗你的.png,1955,1967
魔法少女.png,魔法少女,魔法少女.png,2003,1969
鸽了.png,鸽了,鸽了.png,1876,1902
鼓掌.png,鼓掌,鼓掌.png,1931,1988
